,hydrophobic fitness,isoelectric point (pH),packing density,budeff: total,budeff: steric,budeff: desolvation,budeff: charge,evoef2: total,evoef2: ref total,evoef2: intraR total,evoef2: interS total,dfire2 - total,rosetta - total,rosetta - fa_atr,rosetta - fa_rep,rosetta - fa_intra_rep,rosetta - fa_elec,rosetta - fa_sol,rosetta - lk_ball_wtd,rosetta - fa_intra_sol_xover4,rosetta - hbond_lr_bb,rosetta - hbond_sr_bb,rosetta - hbond_bb_sc,rosetta - hbond_sc,rosetta - dslf_fa13,rosetta - rama_prepro,rosetta - p_aa_pp,rosetta - fa_dun,rosetta - omega,rosetta - pro_close,aggrescan3d: total_value,aggrescan3d: avg_value,aggrescan3d: min_value,aggrescan3d: max_value
0,0.022628351001272577,0.10418550320557561,0.14222434217726482,0.27116788851232443,0.18626561496789673,0.29161804123165325,0.2683973861506821,0.08366464582186915,0.23608043614691832,0.22416994941866622,0.13623582587675703,0.2749224737305675,0.15764455807925842,0.2932642217947465,0.16280270103174474,0.12790852915097833,0.1511379558364238,0.29308773002370725,0.1055100990177419,0.2711072958010786,0.017435039250846475,0.24509325011017127,0.029308391111044333,0.06519199940869942,0.010560749076042786,0.09973724672195042,0.025425664274170732,0.1824039574418049,0.08594681761531377,0.1460326856242648,0.08187212708309129,0.016027316719975124,0.05811101992001767,0.01914939499496385
1,0.14472745233742623,0.18160797319780628,0.081361237246211,0.06319328929279303,0.10329931464373789,0.03409015766893027,0.15911723859607058,0.18208289397113045,0.02628107762521705,0.19896717031626338,0.11426751142632509,0.008793919445637724,0.21800583120636563,0.0018341267273074683,0.14287935753943745,0.1256971281206913,0.10310075517476823,0.05608358201954411,0.13809476740139462,0.061572882833187244,0.33813136375931363,0.2614133170842338,0.09193804890660509,0.15700658477841387,0.009918896734079698,0.2670741236402094,0.17967430849733657,0.15509840799815147,0.25918300994525467,0.18479098250774822,0.2817617713479675,0.2755678272047453,0.18244901514166523,0.24058908175876617
