n_components,scaling_method,var_explained
2,minmax,0.6698977474370682
3,minmax,0.7583698927280353
4,minmax,0.818646055550074
5,minmax,0.8736508540610111
6,minmax,0.8953196292064539
7,minmax,0.9111630045990464
8,minmax,0.9243749632184279
9,minmax,0.9354769367951951
10,minmax,0.944817115401507
