n_components,scaling_method,var_explained
2,minmax,0.5903486982326885
3,minmax,0.7066764791487679
4,minmax,0.7777577706862863
5,minmax,0.8193500191240233
6,minmax,0.8460202670700164
7,minmax,0.8668700798754568
8,minmax,0.8856771831952476
9,minmax,0.9002818491464945
10,minmax,0.9136382574455997
