n_components,scaling_method,var_explained
2,minmax,0.4899318599820994
3,minmax,0.602550022091703
4,minmax,0.6933006485623974
5,minmax,0.7624970440279913
6,minmax,0.8117930778223684
7,minmax,0.8573879199286836
8,minmax,0.8901731555932647
9,minmax,0.9213449046463991
10,minmax,0.9500339046891083
