n_components,scaling_method,var_explained
2,minmax,0.5922226367294304
3,minmax,0.729964745693882
4,minmax,0.811058150553396
5,minmax,0.8456920495061435
6,minmax,0.8724322564769516
7,minmax,0.8923748881943915
8,minmax,0.9095362839519009
9,minmax,0.9235662064705188
10,minmax,0.9343950543207841
