n_components,scaling_method,var_explained
2,minmax,0.6023367827171082
3,minmax,0.7121438755987317
4,minmax,0.7796977043693889
5,minmax,0.8191960995323221
6,minmax,0.846144655158707
7,minmax,0.8703242306547496
8,minmax,0.8896496600037416
9,minmax,0.9037629279575511
10,minmax,0.9170199412551295
