n_components,scaling_method,var_explained
2,minmax,0.4899318599820992
3,minmax,0.6025500220917029
4,minmax,0.6933006485623973
5,minmax,0.7624970440279912
6,minmax,0.8117930778223683
7,minmax,0.8573879199286835
8,minmax,0.8901731555932646
9,minmax,0.921344904646399
10,minmax,0.9500339046891082
