n_components,scaling_method,var_explained
2,minmax,0.63550408395142
3,minmax,0.7319713345471012
4,minmax,0.7838265368776055
5,minmax,0.8260880456874569
6,minmax,0.8534892185505472
7,minmax,0.8765435358562333
8,minmax,0.895854285939186
9,minmax,0.9112382115942861
10,minmax,0.9252016462042956
