design name,file name,tags,composition: ALA,composition: CYS,composition: ASP,composition: GLU,composition: PHE,composition: GLY,composition: HIS,composition: ILE,composition: LYS,composition: LEU,composition: MET,composition: ASN,composition: PRO,composition: GLN,composition: ARG,composition: SER,composition: THR,composition: VAL,composition: TRP,composition: UNK,composition: TYR,hydrophobic fitness,isoelectric point (pH),mass (da),number of residues,packing density,budeff: total,budeff: steric,budeff: desolvation,budeff: charge,evoef2: total,evoef2: ref total,evoef2: intraR total,evoef2: interS total,evoef2 - interD total,dfire2 - total,rosetta - total,rosetta - fa_atr,rosetta - fa_rep,rosetta - fa_intra_rep,rosetta - fa_elec,rosetta - fa_sol,rosetta - lk_ball_wtd,rosetta - fa_intra_sol_xover4,rosetta - hbond_lr_bb,rosetta - hbond_sr_bb,rosetta - hbond_bb_sc,rosetta - hbond_sc,rosetta - dslf_fa13,rosetta - rama_prepro,rosetta - p_aa_pp,rosetta - fa_dun,rosetta - omega,rosetta - pro_close,rosetta - yhh_planarity,aggrescan3d: total_value,aggrescan3d: avg_value,aggrescan3d: min_value,aggrescan3d: max_value
3AB5A_native,3AB5A_native.pdb,,0.08247422680412371,0.061855670103092786,0.09278350515463918,0.061855670103092786,0.020618556701030927,0.07216494845360824,0.010309278350515464,0.07216494845360824,0.05154639175257732,0.07216494845360824,0.010309278350515464,0.010309278350515464,0.020618556701030927,0.10309278350515463,0.010309278350515464,0.07216494845360824,0.05154639175257732,0.07216494845360824,0,0,0.05154639175257732,-20.826053397395228,3.8000000000000025,21129.449080000006,194,55.87364130434783,-2576.4298236282775,85.18997762725661,-1696.476426226553,-965.1433750289618,-884.76,-69.26,409.4200000000001,-1207.67,-17.21,-300.3,-253.7685382801967,-1083.717770868853,118.8162882992097,2.111346736354085,-216.9645339792172,628.3353911754679,-25.01042091381917,41.1922735969919,-70.98365443324755,-31.84537153207844,-25.42213560605814,-11.47918163236437,0,-5.925813500168363,-39.83409849418895,357.7754885043194,37.93092669552905,3.370147671926141,0,-160.07099999999997,-0.8251,-3.4772,0.7687